Workbook

Sheet Léeme
B2: Reporte de Resultados — Tarea Prey-Predator (RAOI Swarm Simulator)
B4: Este archivo se generó automáticamente a partir de los .npy guardados en Results/<carpeta>/prey_predator_metrics_report.npy de este repositorio, ejecutando el script generar_reporte_excel.py.
B7: Contenido de las hojas
B8: Resumen | C8: Una fila por Carpeta (cada Carpeta = una configuración de simulación corrida con 'Statistical run'). Incluye los parámetros de entrada (Predators, Preys, modo de asignación, radios), el promedio de cada métrica sobre todas sus réplicas, su desviación estándar, y una columna combinada 'Media ± DE' lista para reportar o copiar/pegar.
B9: Datos_Detalle | C9: Una fila por réplica individual (todas las Carpetas juntas). Permite filtrar/dinamizar los datos crudos en Excel (tablas dinámicas, etc.).
B11: Significado de las métricas
B12: Tiempo de captura (iter) | C12: completion_time: iteraciones de simulación hasta capturar todas las presas asignadas.
B13: Fracción de éxito | C13: success_fraction: proporción de presas que sí fueron capturadas (1.0 = el 100%).
B14: Cohesión media (m) | C14: cohesion_mean: dispersión promedio del enjambre de depredadores durante toda la corrida (metros).
B15: Presas capturadas | C15: n_captured: número de presas efectivamente capturadas en esa réplica.
B16: Intervalo entre capturas (iter) | C16: inter_capture_interval: iteraciones promedio transcurridas entre una captura y la siguiente.
B17: Cohesión al capturar (m) | C17: cohesion_at_capture: cohesión del enjambre justo en el instante de cada captura (metros).
B18: Tasa de división del enjambre | C18: swarm_split_ratio: fracción de iteraciones en que el enjambre se dividió para perseguir presas distintas (0 = nunca se dividió).
B20: Parámetros de entrada
B21: Predators / Preys | C21: Número de depredadores y presas en esa configuración.
B22: Modo de asignación | C22: Emergent (EA): asignación de presas surge del comportamiento del enjambre. Focused (FA): asignación dirigida/forzada.
B23: Radios (m) | C23: Repulsión, orientación, atracción, influencia y repulsión de presa: parámetros del modelo de comportamiento (zonas del enjambre).
B25: Fuente de los parámetros | C25: Predators, Preys y Allocation mode se extrajeron automáticamente de las transcripciones de terminal en la carpeta Notes/*.txt (columna 'Nota origen' en la hoja Resumen indica de qué .txt salió cada fila).

Sheet Datos_Detalle
A1: Carpeta | B1: Réplica | C1: Predators | D1: Preys | E1: Modo de asignación | F1: Tiempo de captura (iter) | G1: Fracción de éxito | H1: Cohesión media (m) | I1: Presas capturadas | J1: Intervalo entre capturas (iter) | K1: Cohesión al capturar (m) | L1: Tasa de división del enjambre
A2: 1 | B2: 1 | C2: 8 | D2: 1 | E2: Emergent (EA) | F2: 139 | G2: 1 | H2: 0.59536735 | I2: 1 | J2: 139 | K2: 0.49692099 | L2: 0
A3: 1 | B3: 2 | C3: 8 | D3: 1 | E3: Emergent (EA) | F3: 103 | G3: 1 | H3: 0.51579495 | I3: 1 | J3: 103 | K3: 0.40940304 | L3: 0
A4: 1 | B4: 3 | C4: 8 | D4: 1 | E4: Emergent (EA) | F4: 37 | G4: 1 | H4: 0.61905233 | I4: 1 | J4: 37 | K4: 0.43863764 | L4: 0
A5: 1 | B5: 4 | C5: 8 | D5: 1 | E5: Emergent (EA) | F5: 114 | G5: 1 | H5: 0.4941339 | I5: 1 | J5: 114 | K5: 0.41416791 | L5: 0
A6: 1 | B6: 5 | C6: 8 | D6: 1 | E6: Emergent (EA) | F6: 59 | G6: 1 | H6: 0.65413758 | I6: 1 | J6: 59 | K6: 0.43272648 | L6: 0
A7: 1 | B7: 6 | C7: 8 | D7: 1 | E7: Emergent (EA) | F7: 85 | G7: 1 | H7: 0.61747879 | I7: 1 | J7: 85 | K7: 0.45039883 | L7: 0
A8: 1 | B8: 7 | C8: 8 | D8: 1 | E8: Emergent (EA) | F8: 148 | G8: 1 | H8: 0.54332006 | I8: 1 | J8: 148 | K8: 0.41029313 | L8: 0
A9: 1 | B9: 8 | C9: 8 | D9: 1 | E9: Emergent (EA) | F9: 77 | G9: 1 | H9: 0.50824147 | I9: 1 | J9: 77 | K9: 0.47930926 | L9: 0
A10: 1 | B10: 9 | C10: 8 | D10: 1 | E10: Emergent (EA) | F10: 167 | G10: 1 | H10: 1.2529662 | I10: 1 | J10: 167 | K10: 0.39019757 | L10: 0
A11: 1 | B11: 10 | C11: 8 | D11: 1 | E11: Emergent (EA) | F11: 248 | G11: 1 | H11: 0.52525742 | I11: 1 | J11: 248 | K11: 0.42442896 | L11: 0
A12: 1 | B12: 11 | C12: 8 | D12: 1 | E12: Emergent (EA) | F12: 154 | G12: 1 | H12: 1.4242234 | I12: 1 | J12: 154 | K12: 0.38640842 | L12: 0
A13: 1 | B13: 12 | C13: 8 | D13: 1 | E13: Emergent (EA) | F13: 247 | G13: 1 | H13: 0.48806593 | I13: 1 | J13: 247 | K13: 0.45033209 | L13: 0
... A541: 18 | B541: 30 | C541: 16 | D541: 3 | E541: Focused (FA) | F541: 119 | G541: 1 | H541: 0.71990833 | I541: 3 | J541: 41 | K541: 0.57587421 | L541: 0

Sheet Resumen
A1: Carpeta | B1: Predators | C1: Preys | D1: Modo de asignación | E1: Réplicas | F1: Radio repulsión (m) | G1: Radio orientación (m) | H1: Radio atracción (m) | I1: Radio influencia (m) | J1: Radio repulsión presa (m) | K1: Promedio Tiempo de captura (iter) | L1: Desv. estándar Tiempo de captura (iter) | M1: Tiempo de captura (iter) (Media ± DE) | N1: Promedio Fracción de éxito | O1: Desv. estándar Fracción de éxito | P1: Fracción de éxito (Media ± DE) | Q1: Promedio Cohesión media (m) | R1: Desv. estándar Cohesión media (m) | S1: Cohesión media (m) (Media ± DE) | T1: Promedio Presas capturadas | U1: Desv. estándar Presas capturadas | V1: Presas capturadas (Media ± DE) | W1: Promedio Intervalo entre capturas (iter) | X1: Desv. estándar Intervalo entre capturas (iter) | Y1: Intervalo entre capturas (iter) (Media ± DE) | Z1: Promedio Cohesión al capturar (m) | AA1: Desv. estándar Cohesión al capturar (m) | AB1: Cohesión al capturar (m) (Media ± DE) | AC1: Promedio Tasa de división del enjambre | AD1: Desv. estándar Tasa de división del enjambre | AE1: Tasa de división del enjambre (Media ± DE) | AF1: Nota origen
A2: 1 | B2: 8 | C2: 1 | D2: Emergent (EA) | E2: 30 | F2: 0.3 | G2: 1 | H2: 1.6 | I2: 2.4 | J2: 0.6 | K2: =AVERAGEIF('Datos_Detalle'!$A$2:$A$31,A2,'Datos_Detalle'!F$2:F$31) | L2: =STDEV('Datos_Detalle'!F$2:F$31) | M2: =TEXT(K2,"0.00")&" ± "&TEXT(L2,"0.00") | N2: =AVERAGEIF('Datos_Detalle'!$A$2:$A$31,A2,'Datos_Detalle'!G$2:G$31) | O2: =STDEV('Datos_Detalle'!G$2:G$31) | P2: =TEXT(N2,"0.000")&" ± "&TEXT(O2,"0.000") | Q2: =AVERAGEIF('Datos_Detalle'!$A$2:$A$31,A2,'Datos_Detalle'!H$2:H$31) | R2: =STDEV('Datos_Detalle'!H$2:H$31) | S2: =TEXT(Q2,"0.0000")&" ± "&TEXT(R2,"0.0000") | T2: =AVERAGEIF('Datos_Detalle'!$A$2:$A$31,A2,'Datos_Detalle'!I$2:I$31) | U2: =STDEV('Datos_Detalle'!I$2:I$31) | V2: =TEXT(T2,"0")&" ± "&TEXT(U2,"0") | W2: =AVERAGEIF('Datos_Detalle'!$A$2:$A$31,A2,'Datos_Detalle'!J$2:J$31) | X2: =STDEV('Datos_Detalle'!J$2:J$31) | Y2: =TEXT(W2,"0.00")&" ± "&TEXT(X2,"0.00") | Z2: =AVERAGEIF('Datos_Detalle'!$A$2:$A$31,A2,'Datos_Detalle'!K$2:K$31) | AA2: =STDEV('Datos_Detalle'!K$2:K$31) | AB2: =TEXT(Z2,"0.0000")&" ± "&TEXT(AA2,"0.0000") | AC2: =AVERAGEIF('Datos_Detalle'!$A$2:$A$31,A2,'Datos_Detalle'!L$2:L$31) | AD2: =STDEV('Datos_Detalle'!L$2:L$31) | AE2: =TEXT(AC2,"0.0000")&" ± "&TEXT(AD2,"0.0000") | AF2: 1.txt
A3: 2 | B3: 8 | C3: 2 | D3: Emergent (EA) | E3: 30 | F3: 0.3 | G3: 1 | H3: 1.6 | I3: 2.4 | J3: 0.6 | K3: =AVERAGEIF('Datos_Detalle'!$A$32:$A$61,A3,'Datos_Detalle'!F$32:F$61) | L3: =STDEV('Datos_Detalle'!F$32:F$61) | M3: =TEXT(K3,"0.00")&" ± "&TEXT(L3,"0.00") | N3: =AVERAGEIF('Datos_Detalle'!$A$32:$A$61,A3,'Datos_Detalle'!G$32:G$61) | O3: =STDEV('Datos_Detalle'!G$32:G$61) | P3: =TEXT(N3,"0.000")&" ± "&TEXT(O3,"0.000") | Q3: =AVERAGEIF('Datos_Detalle'!$A$32:$A$61,A3,'Datos_Detalle'!H$32:H$61) | R3: =STDEV('Datos_Detalle'!H$32:H$61) | S3: =TEXT(Q3,"0.0000")&" ± "&TEXT(R3,"0.0000") | T3: =AVERAGEIF('Datos_Detalle'!$A$32:$A$61,A3,'Datos_Detalle'!I$32:I$61) | U3: =STDEV('Datos_Detalle'!I$32:I$61) | V3: =TEXT(T3,"0")&" ± "&TEXT(U3,"0") | W3: =AVERAGEIF('Datos_Detalle'!$A$32:$A$61,A3,'Datos_Detalle'!J$32:J$61) | X3: =STDEV('Datos_Detalle'!J$32:J$61) | Y3: =TEXT(W3,"0.00")&" ± "&TEXT(X3,"0.00") | Z3: =AVERAGEIF('Datos_Detalle'!$A$32:$A$61,A3,'Datos_Detalle'!K$32:K$61) | AA3: =STDEV('Datos_Detalle'!K$32:K$61) | AB3: =TEXT(Z3,"0.0000")&" ± "&TEXT(AA3,"0.0000") | AC3: =AVERAGEIF('Datos_Detalle'!$A$32:$A$61,A3,'Datos_Detalle'!L$32:L$61) | AD3: =STDEV('Datos_Detalle'!L$32:L$61) | AE3: =TEXT(AC3,"0.0000")&" ± "&TEXT(AD3,"0.0000") | AF3: 2.txt
A4: 3 | B4: 8 | C4: 3 | D4: Emergent (EA) | E4: 30 | F4: 0.3 | G4: 1 | H4: 1.6 | I4: 2.4 | J4: 0.6 | K4: =AVERAGEIF('Datos_Detalle'!$A$62:$A$91,A4,'Datos_Detalle'!F$62:F$91) | L4: =STDEV('Datos_Detalle'!F$62:F$91) | M4: =TEXT(K4,"0.00")&" ± "&TEXT(L4,"0.00") | N4: =AVERAGEIF('Datos_Detalle'!$A$62:$A$91,A4,'Datos_Detalle'!G$62:G$91) | O4: =STDEV('Datos_Detalle'!G$62:G$91) | P4: =TEXT(N4,"0.000")&" ± "&TEXT(O4,"0.000") | Q4: =AVERAGEIF('Datos_Detalle'!$A$62:$A$91,A4,'Datos_Detalle'!H$62:H$91) | R4: =STDEV('Datos_Detalle'!H$62:H$91) | S4: =TEXT(Q4,"0.0000")&" ± "&TEXT(R4,"0.0000") | T4: =AVERAGEIF('Datos_Detalle'!$A$62:$A$91,A4,'Datos_Detalle'!I$62:I$91) | U4: =STDEV('Datos_Detalle'!I$62:I$91) | V4: =TEXT(T4,"0")&" ± "&TEXT(U4,"0") | W4: =AVERAGEIF('Datos_Detalle'!$A$62:$A$91,A4,'Datos_Detalle'!J$62:J$91) | X4: =STDEV('Datos_Detalle'!J$62:J$91) | Y4: =TEXT(W4,"0.00")&" ± "&TEXT(X4,"0.00") | Z4: =AVERAGEIF('Datos_Detalle'!$A$62:$A$91,A4,'Datos_Detalle'!K$62:K$91) | AA4: =STDEV('Datos_Detalle'!K$62:K$91) | AB4: =TEXT(Z4,"0.0000")&" ± "&TEXT(AA4,"0.0000") | AC4: =AVERAGEIF('Datos_Detalle'!$A$62:$A$91,A4,'Datos_Detalle'!L$62:L$91) | AD4: =STDEV('Datos_Detalle'!L$62:L$91) | AE4: =TEXT(AC4,"0.0000")&" ± "&TEXT(AD4,"0.0000") | AF4: 3.txt
A5: 4 | B5: 12 | C5: 1 | D5: Emergent (EA) | E5: 30 | F5: 0.3 | G5: 1 | H5: 1.6 | I5: 2.4 | J5: 0.6 | K5: =AVERAGEIF('Datos_Detalle'!$A$92:$A$121,A5,'Datos_Detalle'!F$92:F$121) | L5: =STDEV('Datos_Detalle'!F$92:F$121) | M5: =TEXT(K5,"0.00")&" ± "&TEXT(L5,"0.00") | N5: =AVERAGEIF('Datos_Detalle'!$A$92:$A$121,A5,'Datos_Detalle'!G$92:G$121) | O5: =STDEV('Datos_Detalle'!G$92:G$121) | P5: =TEXT(N5,"0.000")&" ± "&TEXT(O5,"0.000") | Q5: =AVERAGEIF('Datos_Detalle'!$A$92:$A$121,A5,'Datos_Detalle'!H$92:H$121) | R5: =STDEV('Datos_Detalle'!H$92:H$121) | S5: =TEXT(Q5,"0.0000")&" ± "&TEXT(R5,"0.0000") | T5: =AVERAGEIF('Datos_Detalle'!$A$92:$A$121,A5,'Datos_Detalle'!I$92:I$121) | U5: =STDEV('Datos_Detalle'!I$92:I$121) | V5: =TEXT(T5,"0")&" ± "&TEXT(U5,"0") | W5: =AVERAGEIF('Datos_Detalle'!$A$92:$A$121,A5,'Datos_Detalle'!J$92:J$121) | X5: =STDEV('Datos_Detalle'!J$92:J$121) | Y5: =TEXT(W5,"0.00")&" ± "&TEXT(X5,"0.00") | Z5: =AVERAGEIF('Datos_Detalle'!$A$92:$A$121,A5,'Datos_Detalle'!K$92:K$121) | AA5: =STDEV('Datos_Detalle'!K$92:K$121) | AB5: =TEXT(Z5,"0.0000")&" ± "&TEXT(AA5,"0.0000") | AC5: =AVERAGEIF('Datos_Detalle'!$A$92:$A$121,A5,'Datos_Detalle'!L$92:L$121) | AD5: =STDEV('Datos_Detalle'!L$92:L$121) | AE5: =TEXT(AC5,"0.0000")&" ± "&TEXT(AD5,"0.0000") | AF5: 4.txt
A6: 5 | B6: 12 | C6: 2 | D6: Emergent (EA) | E6: 30 | F6: 0.3 | G6: 1 | H6: 1.6 | I6: 2.4 | J6: 0.6 | K6: =AVERAGEIF('Datos_Detalle'!$A$122:$A$151,A6,'Datos_Detalle'!F$122:F$151) | L6: =STDEV('Datos_Detalle'!F$122:F$151) | M6: =TEXT(K6,"0.00")&" ± "&TEXT(L6,"0.00") | N6: =AVERAGEIF('Datos_Detalle'!$A$122:$A$151,A6,'Datos_Detalle'!G$122:G$151) | O6: =STDEV('Datos_Detalle'!G$122:G$151) | P6: =TEXT(N6,"0.000")&" ± "&TEXT(O6,"0.000") | Q6: =AVERAGEIF('Datos_Detalle'!$A$122:$A$151,A6,'Datos_Detalle'!H$122:H$151) | R6: =STDEV('Datos_Detalle'!H$122:H$151) | S6: =TEXT(Q6,"0.0000")&" ± "&TEXT(R6,"0.0000") | T6: =AVERAGEIF('Datos_Detalle'!$A$122:$A$151,A6,'Datos_Detalle'!I$122:I$151) | U6: =STDEV('Datos_Detalle'!I$122:I$151) | V6: =TEXT(T6,"0")&" ± "&TEXT(U6,"0") | W6: =AVERAGEIF('Datos_Detalle'!$A$122:$A$151,A6,'Datos_Detalle'!J$122:J$151) | X6: =STDEV('Datos_Detalle'!J$122:J$151) | Y6: =TEXT(W6,"0.00")&" ± "&TEXT(X6,"0.00") | Z6: =AVERAGEIF('Datos_Detalle'!$A$122:$A$151,A6,'Datos_Detalle'!K$122:K$151) | AA6: =STDEV('Datos_Detalle'!K$122:K$151) | AB6: =TEXT(Z6,"0.0000")&" ± "&TEXT(AA6,"0.0000") | AC6: =AVERAGEIF('Datos_Detalle'!$A$122:$A$151,A6,'Datos_Detalle'!L$122:L$151) | AD6: =STDEV('Datos_Detalle'!L$122:L$151) | AE6: =TEXT(AC6,"0.0000")&" ± "&TEXT(AD6,"0.0000") | AF6: 5.txt
A7: 6 | B7: 12 | C7: 3 | D7: Emergent (EA) | E7: 30 | F7: 0.3 | G7: 1 | H7: 1.6 | I7: 2.4 | J7: 0.6 | K7: =AVERAGEIF('Datos_Detalle'!$A$152:$A$181,A7,'Datos_Detalle'!F$152:F$181) | L7: =STDEV('Datos_Detalle'!F$152:F$181) | M7: =TEXT(K7,"0.00")&" ± "&TEXT(L7,"0.00") | N7: =AVERAGEIF('Datos_Detalle'!$A$152:$A$181,A7,'Datos_Detalle'!G$152:G$181) | O7: =STDEV('Datos_Detalle'!G$152:G$181) | P7: =TEXT(N7,"0.000")&" ± "&TEXT(O7,"0.000") | Q7: =AVERAGEIF('Datos_Detalle'!$A$152:$A$181,A7,'Datos_Detalle'!H$152:H$181) | R7: =STDEV('Datos_Detalle'!H$152:H$181) | S7: =TEXT(Q7,"0.0000")&" ± "&TEXT(R7,"0.0000") | T7: =AVERAGEIF('Datos_Detalle'!$A$152:$A$181,A7,'Datos_Detalle'!I$152:I$181) | U7: =STDEV('Datos_Detalle'!I$152:I$181) | V7: =TEXT(T7,"0")&" ± "&TEXT(U7,"0") | W7: =AVERAGEIF('Datos_Detalle'!$A$152:$A$181,A7,'Datos_Detalle'!J$152:J$181) | X7: =STDEV('Datos_Detalle'!J$152:J$181) | Y7: =TEXT(W7,"0.00")&" ± "&TEXT(X7,"0.00") | Z7: =AVERAGEIF('Datos_Detalle'!$A$152:$A$181,A7,'Datos_Detalle'!K$152:K$181) | AA7: =STDEV('Datos_Detalle'!K$152:K$181) | AB7: =TEXT(Z7,"0.0000")&" ± "&TEXT(AA7,"0.0000") | AC7: =AVERAGEIF('Datos_Detalle'!$A$152:$A$181,A7,'Datos_Detalle'!L$152:L$181) | AD7: =STDEV('Datos_Detalle'!L$152:L$181) | AE7: =TEXT(AC7,"0.0000")&" ± "&TEXT(AD7,"0.0000") | AF7: 6.txt
A8: 7 | B8: 16 | C8: 1 | D8: Emergent (EA) | E8: 30 | F8: 0.3 | G8: 1 | H8: 1.6 | I8: 2.4 | J8: 0.6 | K8: =AVERAGEIF('Datos_Detalle'!$A$182:$A$211,A8,'Datos_Detalle'!F$182:F$211) | L8: =STDEV('Datos_Detalle'!F$182:F$211) | M8: =TEXT(K8,"0.00")&" ± "&TEXT(L8,"0.00") | N8: =AVERAGEIF('Datos_Detalle'!$A$182:$A$211,A8,'Datos_Detalle'!G$182:G$211) | O8: =STDEV('Datos_Detalle'!G$182:G$211) | P8: =TEXT(N8,"0.000")&" ± "&TEXT(O8,"0.000") | Q8: =AVERAGEIF('Datos_Detalle'!$A$182:$A$211,A8,'Datos_Detalle'!H$182:H$211) | R8: =STDEV('Datos_Detalle'!H$182:H$211) | S8: =TEXT(Q8,"0.0000")&" ± "&TEXT(R8,"0.0000") | T8: =AVERAGEIF('Datos_Detalle'!$A$182:$A$211,A8,'Datos_Detalle'!I$182:I$211) | U8: =STDEV('Datos_Detalle'!I$182:I$211) | V8: =TEXT(T8,"0")&" ± "&TEXT(U8,"0") | W8: =AVERAGEIF('Datos_Detalle'!$A$182:$A$211,A8,'Datos_Detalle'!J$182:J$211) | X8: =STDEV('Datos_Detalle'!J$182:J$211) | Y8: =TEXT(W8,"0.00")&" ± "&TEXT(X8,"0.00") | Z8: =AVERAGEIF('Datos_Detalle'!$A$182:$A$211,A8,'Datos_Detalle'!K$182:K$211) | AA8: =STDEV('Datos_Detalle'!K$182:K$211) | AB8: =TEXT(Z8,"0.0000")&" ± "&TEXT(AA8,"0.0000") | AC8: =AVERAGEIF('Datos_Detalle'!$A$182:$A$211,A8,'Datos_Detalle'!L$182:L$211) | AD8: =STDEV('Datos_Detalle'!L$182:L$211) | AE8: =TEXT(AC8,"0.0000")&" ± "&TEXT(AD8,"0.0000") | AF8: 7.txt
A9: 8 | B9: 16 | C9: 2 | D9: Emergent (EA) | E9: 30 | F9: 0.3 | G9: 1 | H9: 1.6 | I9: 2.4 | J9: 0.6 | K9: =AVERAGEIF('Datos_Detalle'!$A$212:$A$241,A9,'Datos_Detalle'!F$212:F$241) | L9: =STDEV('Datos_Detalle'!F$212:F$241) | M9: =TEXT(K9,"0.00")&" ± "&TEXT(L9,"0.00") | N9: =AVERAGEIF('Datos_Detalle'!$A$212:$A$241,A9,'Datos_Detalle'!G$212:G$241) | O9: =STDEV('Datos_Detalle'!G$212:G$241) | P9: =TEXT(N9,"0.000")&" ± "&TEXT(O9,"0.000") | Q9: =AVERAGEIF('Datos_Detalle'!$A$212:$A$241,A9,'Datos_Detalle'!H$212:H$241) | R9: =STDEV('Datos_Detalle'!H$212:H$241) | S9: =TEXT(Q9,"0.0000")&" ± "&TEXT(R9,"0.0000") | T9: =AVERAGEIF('Datos_Detalle'!$A$212:$A$241,A9,'Datos_Detalle'!I$212:I$241) | U9: =STDEV('Datos_Detalle'!I$212:I$241) | V9: =TEXT(T9,"0")&" ± "&TEXT(U9,"0") | W9: =AVERAGEIF('Datos_Detalle'!$A$212:$A$241,A9,'Datos_Detalle'!J$212:J$241) | X9: =STDEV('Datos_Detalle'!J$212:J$241) | Y9: =TEXT(W9,"0.00")&" ± "&TEXT(X9,"0.00") | Z9: =AVERAGEIF('Datos_Detalle'!$A$212:$A$241,A9,'Datos_Detalle'!K$212:K$241) | AA9: =STDEV('Datos_Detalle'!K$212:K$241) | AB9: =TEXT(Z9,"0.0000")&" ± "&TEXT(AA9,"0.0000") | AC9: =AVERAGEIF('Datos_Detalle'!$A$212:$A$241,A9,'Datos_Detalle'!L$212:L$241) | AD9: =STDEV('Datos_Detalle'!L$212:L$241) | AE9: =TEXT(AC9,"0.0000")&" ± "&TEXT(AD9,"0.0000") | AF9: 8.txt
A10: 9 | B10: 16 | C10: 3 | D10: Emergent (EA) | E10: 30 | F10: 0.3 | G10: 1 | H10: 1.6 | I10: 2.4 | J10: 0.6 | K10: =AVERAGEIF('Datos_Detalle'!$A$242:$A$271,A10,'Datos_Detalle'!F$242:F$271) | L10: =STDEV('Datos_Detalle'!F$242:F$271) | M10: =TEXT(K10,"0.00")&" ± "&TEXT(L10,"0.00") | N10: =AVERAGEIF('Datos_Detalle'!$A$242:$A$271,A10,'Datos_Detalle'!G$242:G$271) | O10: =STDEV('Datos_Detalle'!G$242:G$271) | P10: =TEXT(N10,"0.000")&" ± "&TEXT(O10,"0.000") | Q10: =AVERAGEIF('Datos_Detalle'!$A$242:$A$271,A10,'Datos_Detalle'!H$242:H$271) | R10: =STDEV('Datos_Detalle'!H$242:H$271) | S10: =TEXT(Q10,"0.0000")&" ± "&TEXT(R10,"0.0000") | T10: =AVERAGEIF('Datos_Detalle'!$A$242:$A$271,A10,'Datos_Detalle'!I$242:I$271) | U10: =STDEV('Datos_Detalle'!I$242:I$271) | V10: =TEXT(T10,"0")&" ± "&TEXT(U10,"0") | W10: =AVERAGEIF('Datos_Detalle'!$A$242:$A$271,A10,'Datos_Detalle'!J$242:J$271) | X10: =STDEV('Datos_Detalle'!J$242:J$271) | Y10: =TEXT(W10,"0.00")&" ± "&TEXT(X10,"0.00") | Z10: =AVERAGEIF('Datos_Detalle'!$A$242:$A$271,A10,'Datos_Detalle'!K$242:K$271) | AA10: =STDEV('Datos_Detalle'!K$242:K$271) | AB10: =TEXT(Z10,"0.0000")&" ± "&TEXT(AA10,"0.0000") | AC10: =AVERAGEIF('Datos_Detalle'!$A$242:$A$271,A10,'Datos_Detalle'!L$242:L$271) | AD10: =STDEV('Datos_Detalle'!L$242:L$271) | AE10: =TEXT(AC10,"0.0000")&" ± "&TEXT(AD10,"0.0000") | AF10: 1.txt
A11: 10 | B11: 8 | C11: 1 | D11: Focused (FA) | E11: 30 | F11: 0.3 | G11: 1 | H11: 1.6 | I11: 2.4 | J11: 0.6 | K11: =AVERAGEIF('Datos_Detalle'!$A$272:$A$301,A11,'Datos_Detalle'!F$272:F$301) | L11: =STDEV('Datos_Detalle'!F$272:F$301) | M11: =TEXT(K11,"0.00")&" ± "&TEXT(L11,"0.00") | N11: =AVERAGEIF('Datos_Detalle'!$A$272:$A$301,A11,'Datos_Detalle'!G$272:G$301) | O11: =STDEV('Datos_Detalle'!G$272:G$301) | P11: =TEXT(N11,"0.000")&" ± "&TEXT(O11,"0.000") | Q11: =AVERAGEIF('Datos_Detalle'!$A$272:$A$301,A11,'Datos_Detalle'!H$272:H$301) | R11: =STDEV('Datos_Detalle'!H$272:H$301) | S11: =TEXT(Q11,"0.0000")&" ± "&TEXT(R11,"0.0000") | T11: =AVERAGEIF('Datos_Detalle'!$A$272:$A$301,A11,'Datos_Detalle'!I$272:I$301) | U11: =STDEV('Datos_Detalle'!I$272:I$301) | V11: =TEXT(T11,"0")&" ± "&TEXT(U11,"0") | W11: =AVERAGEIF('Datos_Detalle'!$A$272:$A$301,A11,'Datos_Detalle'!J$272:J$301) | X11: =STDEV('Datos_Detalle'!J$272:J$301) | Y11: =TEXT(W11,"0.00")&" ± "&TEXT(X11,"0.00") | Z11: =AVERAGEIF('Datos_Detalle'!$A$272:$A$301,A11,'Datos_Detalle'!K$272:K$301) | AA11: =STDEV('Datos_Detalle'!K$272:K$301) | AB11: =TEXT(Z11,"0.0000")&" ± "&TEXT(AA11,"0.0000") | AC11: =AVERAGEIF('Datos_Detalle'!$A$272:$A$301,A11,'Datos_Detalle'!L$272:L$301) | AD11: =STDEV('Datos_Detalle'!L$272:L$301) | AE11: =TEXT(AC11,"0.0000")&" ± "&TEXT(AD11,"0.0000") | AF11: 2.txt
A12: 11 | B12: 8 | C12: 2 | D12: Focused (FA) | E12: 30 | F12: 0.3 | G12: 1 | H12: 1.6 | I12: 2.4 | J12: 0.6 | K12: =AVERAGEIF('Datos_Detalle'!$A$302:$A$331,A12,'Datos_Detalle'!F$302:F$331) | L12: =STDEV('Datos_Detalle'!F$302:F$331) | M12: =TEXT(K12,"0.00")&" ± "&TEXT(L12,"0.00") | N12: =AVERAGEIF('Datos_Detalle'!$A$302:$A$331,A12,'Datos_Detalle'!G$302:G$331) | O12: =STDEV('Datos_Detalle'!G$302:G$331) | P12: =TEXT(N12,"0.000")&" ± "&TEXT(O12,"0.000") | Q12: =AVERAGEIF('Datos_Detalle'!$A$302:$A$331,A12,'Datos_Detalle'!H$302:H$331) | R12: =STDEV('Datos_Detalle'!H$302:H$331) | S12: =TEXT(Q12,"0.0000")&" ± "&TEXT(R12,"0.0000") | T12: =AVERAGEIF('Datos_Detalle'!$A$302:$A$331,A12,'Datos_Detalle'!I$302:I$331) | U12: =STDEV('Datos_Detalle'!I$302:I$331) | V12: =TEXT(T12,"0")&" ± "&TEXT(U12,"0") | W12: =AVERAGEIF('Datos_Detalle'!$A$302:$A$331,A12,'Datos_Detalle'!J$302:J$331) | X12: =STDEV('Datos_Detalle'!J$302:J$331) | Y12: =TEXT(W12,"0.00")&" ± "&TEXT(X12,"0.00") | Z12: =AVERAGEIF('Datos_Detalle'!$A$302:$A$331,A12,'Datos_Detalle'!K$302:K$331) | AA12: =STDEV('Datos_Detalle'!K$302:K$331) | AB12: =TEXT(Z12,"0.0000")&" ± "&TEXT(AA12,"0.0000") | AC12: =AVERAGEIF('Datos_Detalle'!$A$302:$A$331,A12,'Datos_Detalle'!L$302:L$331) | AD12: =STDEV('Datos_Detalle'!L$302:L$331) | AE12: =TEXT(AC12,"0.0000")&" ± "&TEXT(AD12,"0.0000") | AF12: 3.txt
A13: 12 | B13: 8 | C13: 3 | D13: Focused (FA) | E13: 30 | F13: 0.3 | G13: 1 | H13: 1.6 | I13: 2.4 | J13: 0.6 | K13: =AVERAGEIF('Datos_Detalle'!$A$332:$A$361,A13,'Datos_Detalle'!F$332:F$361) | L13: =STDEV('Datos_Detalle'!F$332:F$361) | M13: =TEXT(K13,"0.00")&" ± "&TEXT(L13,"0.00") | N13: =AVERAGEIF('Datos_Detalle'!$A$332:$A$361,A13,'Datos_Detalle'!G$332:G$361) | O13: =STDEV('Datos_Detalle'!G$332:G$361) | P13: =TEXT(N13,"0.000")&" ± "&TEXT(O13,"0.000") | Q13: =AVERAGEIF('Datos_Detalle'!$A$332:$A$361,A13,'Datos_Detalle'!H$332:H$361) | R13: =STDEV('Datos_Detalle'!H$332:H$361) | S13: =TEXT(Q13,"0.0000")&" ± "&TEXT(R13,"0.0000") | T13: =AVERAGEIF('Datos_Detalle'!$A$332:$A$361,A13,'Datos_Detalle'!I$332:I$361) | U13: =STDEV('Datos_Detalle'!I$332:I$361) | V13: =TEXT(T13,"0")&" ± "&TEXT(U13,"0") | W13: =AVERAGEIF('Datos_Detalle'!$A$332:$A$361,A13,'Datos_Detalle'!J$332:J$361) | X13: =STDEV('Datos_Detalle'!J$332:J$361) | Y13: =TEXT(W13,"0.00")&" ± "&TEXT(X13,"0.00") | Z13: =AVERAGEIF('Datos_Detalle'!$A$332:$A$361,A13,'Datos_Detalle'!K$332:K$361) | AA13: =STDEV('Datos_Detalle'!K$332:K$361) | AB13: =TEXT(Z13,"0.0000")&" ± "&TEXT(AA13,"0.0000") | AC13: =AVERAGEIF('Datos_Detalle'!$A$332:$A$361,A13,'Datos_Detalle'!L$332:L$361) | AD13: =STDEV('Datos_Detalle'!L$332:L$361) | AE13: =TEXT(AC13,"0.0000")&" ± "&TEXT(AD13,"0.0000") | AF13: 4.txt
A14: 13 | B14: 12 | C14: 1 | D14: Focused (FA) | E14: 30 | F14: 0.3 | G14: 1 | H14: 1.6 | I14: 2.4 | J14: 0.6 | K14: =AVERAGEIF('Datos_Detalle'!$A$362:$A$391,A14,'Datos_Detalle'!F$362:F$391) | L14: =STDEV('Datos_Detalle'!F$362:F$391) | M14: =TEXT(K14,"0.00")&" ± "&TEXT(L14,"0.00") | N14: =AVERAGEIF('Datos_Detalle'!$A$362:$A$391,A14,'Datos_Detalle'!G$362:G$391) | O14: =STDEV('Datos_Detalle'!G$362:G$391) | P14: =TEXT(N14,"0.000")&" ± "&TEXT(O14,"0.000") | Q14: =AVERAGEIF('Datos_Detalle'!$A$362:$A$391,A14,'Datos_Detalle'!H$362:H$391) | R14: =STDEV('Datos_Detalle'!H$362:H$391) | S14: =TEXT(Q14,"0.0000")&" ± "&TEXT(R14,"0.0000") | T14: =AVERAGEIF('Datos_Detalle'!$A$362:$A$391,A14,'Datos_Detalle'!I$362:I$391) | U14: =STDEV('Datos_Detalle'!I$362:I$391) | V14: =TEXT(T14,"0")&" ± "&TEXT(U14,"0") | W14: =AVERAGEIF('Datos_Detalle'!$A$362:$A$391,A14,'Datos_Detalle'!J$362:J$391) | X14: =STDEV('Datos_Detalle'!J$362:J$391) | Y14: =TEXT(W14,"0.00")&" ± "&TEXT(X14,"0.00") | Z14: =AVERAGEIF('Datos_Detalle'!$A$362:$A$391,A14,'Datos_Detalle'!K$362:K$391) | AA14: =STDEV('Datos_Detalle'!K$362:K$391) | AB14: =TEXT(Z14,"0.0000")&" ± "&TEXT(AA14,"0.0000") | AC14: =AVERAGEIF('Datos_Detalle'!$A$362:$A$391,A14,'Datos_Detalle'!L$362:L$391) | AD14: =STDEV('Datos_Detalle'!L$362:L$391) | AE14: =TEXT(AC14,"0.0000")&" ± "&TEXT(AD14,"0.0000") | AF14: 5.txt
A15: 14 | B15: 12 | C15: 2 | D15: Focused (FA) | E15: 30 | F15: 0.3 | G15: 1 | H15: 1.6 | I15: 2.4 | J15: 0.6 | K15: =AVERAGEIF('Datos_Detalle'!$A$392:$A$421,A15,'Datos_Detalle'!F$392:F$421) | L15: =STDEV('Datos_Detalle'!F$392:F$421) | M15: =TEXT(K15,"0.00")&" ± "&TEXT(L15,"0.00") | N15: =AVERAGEIF('Datos_Detalle'!$A$392:$A$421,A15,'Datos_Detalle'!G$392:G$421) | O15: =STDEV('Datos_Detalle'!G$392:G$421) | P15: =TEXT(N15,"0.000")&" ± "&TEXT(O15,"0.000") | Q15: =AVERAGEIF('Datos_Detalle'!$A$392:$A$421,A15,'Datos_Detalle'!H$392:H$421) | R15: =STDEV('Datos_Detalle'!H$392:H$421) | S15: =TEXT(Q15,"0.0000")&" ± "&TEXT(R15,"0.0000") | T15: =AVERAGEIF('Datos_Detalle'!$A$392:$A$421,A15,'Datos_Detalle'!I$392:I$421) | U15: =STDEV('Datos_Detalle'!I$392:I$421) | V15: =TEXT(T15,"0")&" ± "&TEXT(U15,"0") | W15: =AVERAGEIF('Datos_Detalle'!$A$392:$A$421,A15,'Datos_Detalle'!J$392:J$421) | X15: =STDEV('Datos_Detalle'!J$392:J$421) | Y15: =TEXT(W15,"0.00")&" ± "&TEXT(X15,"0.00") | Z15: =AVERAGEIF('Datos_Detalle'!$A$392:$A$421,A15,'Datos_Detalle'!K$392:K$421) | AA15: =STDEV('Datos_Detalle'!K$392:K$421) | AB15: =TEXT(Z15,"0.0000")&" ± "&TEXT(AA15,"0.0000") | AC15: =AVERAGEIF('Datos_Detalle'!$A$392:$A$421,A15,'Datos_Detalle'!L$392:L$421) | AD15: =STDEV('Datos_Detalle'!L$392:L$421) | AE15: =TEXT(AC15,"0.0000")&" ± "&TEXT(AD15,"0.0000") | AF15: 6.txt
A16: 15 | B16: 12 | C16: 3 | D16: Focused (FA) | E16: 30 | F16: 0.3 | G16: 1 | H16: 1.6 | I16: 2.4 | J16: 0.6 | K16: =AVERAGEIF('Datos_Detalle'!$A$422:$A$451,A16,'Datos_Detalle'!F$422:F$451) | L16: =STDEV('Datos_Detalle'!F$422:F$451) | M16: =TEXT(K16,"0.00")&" ± "&TEXT(L16,"0.00") | N16: =AVERAGEIF('Datos_Detalle'!$A$422:$A$451,A16,'Datos_Detalle'!G$422:G$451) | O16: =STDEV('Datos_Detalle'!G$422:G$451) | P16: =TEXT(N16,"0.000")&" ± "&TEXT(O16,"0.000") | Q16: =AVERAGEIF('Datos_Detalle'!$A$422:$A$451,A16,'Datos_Detalle'!H$422:H$451) | R16: =STDEV('Datos_Detalle'!H$422:H$451) | S16: =TEXT(Q16,"0.0000")&" ± "&TEXT(R16,"0.0000") | T16: =AVERAGEIF('Datos_Detalle'!$A$422:$A$451,A16,'Datos_Detalle'!I$422:I$451) | U16: =STDEV('Datos_Detalle'!I$422:I$451) | V16: =TEXT(T16,"0")&" ± "&TEXT(U16,"0") | W16: =AVERAGEIF('Datos_Detalle'!$A$422:$A$451,A16,'Datos_Detalle'!J$422:J$451) | X16: =STDEV('Datos_Detalle'!J$422:J$451) | Y16: =TEXT(W16,"0.00")&" ± "&TEXT(X16,"0.00") | Z16: =AVERAGEIF('Datos_Detalle'!$A$422:$A$451,A16,'Datos_Detalle'!K$422:K$451) | AA16: =STDEV('Datos_Detalle'!K$422:K$451) | AB16: =TEXT(Z16,"0.0000")&" ± "&TEXT(AA16,"0.0000") | AC16: =AVERAGEIF('Datos_Detalle'!$A$422:$A$451,A16,'Datos_Detalle'!L$422:L$451) | AD16: =STDEV('Datos_Detalle'!L$422:L$451) | AE16: =TEXT(AC16,"0.0000")&" ± "&TEXT(AD16,"0.0000") | AF16: 7.txt
A17: 16 | B17: 16 | C17: 1 | D17: Focused (FA) | E17: 30 | F17: 0.3 | G17: 1 | H17: 1.6 | I17: 2.4 | J17: 0.6 | K17: =AVERAGEIF('Datos_Detalle'!$A$452:$A$481,A17,'Datos_Detalle'!F$452:F$481) | L17: =STDEV('Datos_Detalle'!F$452:F$481) | M17: =TEXT(K17,"0.00")&" ± "&TEXT(L17,"0.00") | N17: =AVERAGEIF('Datos_Detalle'!$A$452:$A$481,A17,'Datos_Detalle'!G$452:G$481) | O17: =STDEV('Datos_Detalle'!G$452:G$481) | P17: =TEXT(N17,"0.000")&" ± "&TEXT(O17,"0.000") | Q17: =AVERAGEIF('Datos_Detalle'!$A$452:$A$481,A17,'Datos_Detalle'!H$452:H$481) | R17: =STDEV('Datos_Detalle'!H$452:H$481) | S17: =TEXT(Q17,"0.0000")&" ± "&TEXT(R17,"0.0000") | T17: =AVERAGEIF('Datos_Detalle'!$A$452:$A$481,A17,'Datos_Detalle'!I$452:I$481) | U17: =STDEV('Datos_Detalle'!I$452:I$481) | V17: =TEXT(T17,"0")&" ± "&TEXT(U17,"0") | W17: =AVERAGEIF('Datos_Detalle'!$A$452:$A$481,A17,'Datos_Detalle'!J$452:J$481) | X17: =STDEV('Datos_Detalle'!J$452:J$481) | Y17: =TEXT(W17,"0.00")&" ± "&TEXT(X17,"0.00") | Z17: =AVERAGEIF('Datos_Detalle'!$A$452:$A$481,A17,'Datos_Detalle'!K$452:K$481) | AA17: =STDEV('Datos_Detalle'!K$452:K$481) | AB17: =TEXT(Z17,"0.0000")&" ± "&TEXT(AA17,"0.0000") | AC17: =AVERAGEIF('Datos_Detalle'!$A$452:$A$481,A17,'Datos_Detalle'!L$452:L$481) | AD17: =STDEV('Datos_Detalle'!L$452:L$481) | AE17: =TEXT(AC17,"0.0000")&" ± "&TEXT(AD17,"0.0000") | AF17: 8.txt
A18: 17 | B18: 16 | C18: 2 | D18: Focused (FA) | E18: 30 | F18: 0.3 | G18: 1 | H18: 1.6 | I18: 2.4 | J18: 0.6 | K18: =AVERAGEIF('Datos_Detalle'!$A$482:$A$511,A18,'Datos_Detalle'!F$482:F$511) | L18: =STDEV('Datos_Detalle'!F$482:F$511) | M18: =TEXT(K18,"0.00")&" ± "&TEXT(L18,"0.00") | N18: =AVERAGEIF('Datos_Detalle'!$A$482:$A$511,A18,'Datos_Detalle'!G$482:G$511) | O18: =STDEV('Datos_Detalle'!G$482:G$511) | P18: =TEXT(N18,"0.000")&" ± "&TEXT(O18,"0.000") | Q18: =AVERAGEIF('Datos_Detalle'!$A$482:$A$511,A18,'Datos_Detalle'!H$482:H$511) | R18: =STDEV('Datos_Detalle'!H$482:H$511) | S18: =TEXT(Q18,"0.0000")&" ± "&TEXT(R18,"0.0000") | T18: =AVERAGEIF('Datos_Detalle'!$A$482:$A$511,A18,'Datos_Detalle'!I$482:I$511) | U18: =STDEV('Datos_Detalle'!I$482:I$511) | V18: =TEXT(T18,"0")&" ± "&TEXT(U18,"0") | W18: =AVERAGEIF('Datos_Detalle'!$A$482:$A$511,A18,'Datos_Detalle'!J$482:J$511) | X18: =STDEV('Datos_Detalle'!J$482:J$511) | Y18: =TEXT(W18,"0.00")&" ± "&TEXT(X18,"0.00") | Z18: =AVERAGEIF('Datos_Detalle'!$A$482:$A$511,A18,'Datos_Detalle'!K$482:K$511) | AA18: =STDEV('Datos_Detalle'!K$482:K$511) | AB18: =TEXT(Z18,"0.0000")&" ± "&TEXT(AA18,"0.0000") | AC18: =AVERAGEIF('Datos_Detalle'!$A$482:$A$511,A18,'Datos_Detalle'!L$482:L$511) | AD18: =STDEV('Datos_Detalle'!L$482:L$511) | AE18: =TEXT(AC18,"0.0000")&" ± "&TEXT(AD18,"0.0000") | AF18: 1.txt
A19: 18 | B19: 16 | C19: 3 | D19: Focused (FA) | E19: 30 | F19: 0.3 | G19: 1 | H19: 1.6 | I19: 2.4 | J19: 0.6 | K19: =AVERAGEIF('Datos_Detalle'!$A$512:$A$541,A19,'Datos_Detalle'!F$512:F$541) | L19: =STDEV('Datos_Detalle'!F$512:F$541) | M19: =TEXT(K19,"0.00")&" ± "&TEXT(L19,"0.00") | N19: =AVERAGEIF('Datos_Detalle'!$A$512:$A$541,A19,'Datos_Detalle'!G$512:G$541) | O19: =STDEV('Datos_Detalle'!G$512:G$541) | P19: =TEXT(N19,"0.000")&" ± "&TEXT(O19,"0.000") | Q19: =AVERAGEIF('Datos_Detalle'!$A$512:$A$541,A19,'Datos_Detalle'!H$512:H$541) | R19: =STDEV('Datos_Detalle'!H$512:H$541) | S19: =TEXT(Q19,"0.0000")&" ± "&TEXT(R19,"0.0000") | T19: =AVERAGEIF('Datos_Detalle'!$A$512:$A$541,A19,'Datos_Detalle'!I$512:I$541) | U19: =STDEV('Datos_Detalle'!I$512:I$541) | V19: =TEXT(T19,"0")&" ± "&TEXT(U19,"0") | W19: =AVERAGEIF('Datos_Detalle'!$A$512:$A$541,A19,'Datos_Detalle'!J$512:J$541) | X19: =STDEV('Datos_Detalle'!J$512:J$541) | Y19: =TEXT(W19,"0.00")&" ± "&TEXT(X19,"0.00") | Z19: =AVERAGEIF('Datos_Detalle'!$A$512:$A$541,A19,'Datos_Detalle'!K$512:K$541) | AA19: =STDEV('Datos_Detalle'!K$512:K$541) | AB19: =TEXT(Z19,"0.0000")&" ± "&TEXT(AA19,"0.0000") | AC19: =AVERAGEIF('Datos_Detalle'!$A$512:$A$541,A19,'Datos_Detalle'!L$512:L$541) | AD19: =STDEV('Datos_Detalle'!L$512:L$541) | AE19: =TEXT(AC19,"0.0000")&" ± "&TEXT(AD19,"0.0000") | AF19: 2.txt
